model,prompt,bench,cond,n,acc_none,acc_p,abst_none,abst_p,net
af3,soft_L8_full,mmar,clean,637,57.8,59.2,0.0,0.0,
af3,soft_L8_full,mmar,mask_100,637,0.0,94.7,0.0,94.7,
af3,soft_L8_full,mmar,mask_40,637,52.7,55.4,0.0,0.3,17
af3,soft_L8_full,mmar,mask_60,637,48.5,52.4,0.0,0.2,25
af3,soft_L8_full,mmar,noise_-20dB,637,0.0,94.8,0.0,94.8,
af3,soft_L8_full,mmar,noise_0dB,637,51.8,51.3,0.0,1.7,-3
af3,soft_L8_full,mmar,noise_10dB,637,55.7,56.5,0.0,0.5,5
af3,soft_L8_full,mmar,text_inject,637,13.0,49.6,0.0,0.0,233
af3,soft_L8_full,mmau,clean,640,75.5,74.4,0.0,0.0,
af3,soft_L8_full,mmau,mask_100,640,0.0,93.3,0.0,93.3,
af3,soft_L8_full,mmau,mask_40,640,73.6,73.6,0.0,0.0,0
af3,soft_L8_full,mmau,mask_60,640,71.9,71.1,0.0,0.2,-5
af3,soft_L8_full,mmau,noise_-20dB,640,0.0,86.2,0.0,86.2,
af3,soft_L8_full,mmau,noise_0dB,640,72.3,70.0,0.0,1.4,-15
af3,soft_L8_full,mmau,noise_10dB,640,74.8,72.8,0.0,0.2,-13
af3,soft_L8_full,mmau,text_inject,640,29.7,72.2,0.0,0.0,272
af3,soft_L8_full,sakura,adv_wrong,2560,21.8,52.1,0.0,0.0,776
af3,soft_L8_full,sakura,clean,2560,68.2,67.0,0.0,0.1,
af3,soft_L8_full,sakura,mask_100,2560,0.0,99.7,0.0,99.7,
af3,soft_L8_full,sakura,mask_40,2560,62.1,62.7,0.0,0.0,15
af3,soft_L8_full,sakura,mask_60,2560,57.8,59.0,0.0,0.1,30
af3,soft_L8_full,sakura,noise_-20dB,2560,0.0,91.0,0.0,91.0,
af3,soft_L8_full,sakura,noise_0dB,2560,58.8,62.0,0.0,0.2,84
af3,soft_L8_full,sakura,noise_10dB,2560,64.1,66.6,0.0,0.0,63
af3,soft_L8_full,sakura,text_inject,2560,8.2,67.2,0.0,0.0,1511
af3,v3nab,mmar,clean,637,41.8,51.2,8.9,1.4,
af3,v3nab,mmar,mask_100,637,17.9,3.9,17.9,3.9,
af3,v3nab,mmar,mask_40,637,38.1,47.9,11.3,1.4,62
af3,v3nab,mmar,mask_60,637,33.3,42.9,13.8,2.7,61
af3,v3nab,mmar,noise_-20dB,637,24.6,5.3,24.6,5.3,
af3,v3nab,mmar,noise_0dB,637,35.5,44.6,13.3,2.4,58
af3,v3nab,mmar,noise_10dB,637,38.9,48.4,11.6,1.1,60
af3,v3nab,mmar,text_inject,637,17.4,15.1,7.2,0.3,-15
af3,v3nab,mmau,clean,640,69.8,73.4,1.4,0.0,
af3,v3nab,mmau,mask_100,640,4.8,0.0,4.8,0.0,
af3,v3nab,mmau,mask_40,640,66.7,70.3,0.9,0.2,23
af3,v3nab,mmau,mask_60,640,65.0,68.8,1.1,0.0,24
af3,v3nab,mmau,noise_-20dB,640,5.9,0.3,5.9,0.3,
af3,v3nab,mmau,noise_0dB,640,63.1,69.2,1.9,0.0,39
af3,v3nab,mmau,noise_10dB,640,68.0,72.7,1.1,0.0,30
af3,v3nab,mmau,text_inject,640,33.1,30.3,2.5,0.2,-18
af3,v3nat,mmar,clean,637,57.8,57.5,0.0,0.0,
af3,v3nat,mmar,mask_100,637,0.0,0.0,0.0,0.0,
af3,v3nat,mmar,mask_40,637,52.7,54.5,0.0,0.0,11
af3,v3nat,mmar,mask_60,637,48.5,49.0,0.0,0.0,3
af3,v3nat,mmar,noise_-20dB,637,0.0,0.0,0.0,0.0,
af3,v3nat,mmar,noise_0dB,637,51.8,51.0,0.0,0.0,-5
af3,v3nat,mmar,noise_10dB,637,55.7,55.3,0.0,0.0,-3
af3,v3nat,mmar,text_inject,637,13.0,11.5,0.0,0.0,-10
af3,v3nat,mmau,clean,640,75.5,76.4,0.0,0.0,
af3,v3nat,mmau,mask_100,640,0.0,0.0,0.0,0.0,
af3,v3nat,mmau,mask_40,640,73.6,73.6,0.0,0.0,0
af3,v3nat,mmau,mask_60,640,71.9,71.6,0.0,0.0,-2
af3,v3nat,mmau,noise_-20dB,640,0.0,0.0,0.0,0.0,
af3,v3nat,mmau,noise_0dB,640,72.3,71.9,0.0,0.0,-3
af3,v3nat,mmau,noise_10dB,640,74.8,75.0,0.0,0.0,1
af3,v3nat,mmau,text_inject,640,29.7,27.2,0.0,0.0,-16
af3,v3nat,sakura,adv_wrong,2560,21.8,23.4,0.0,0.2,40
af3,v3nat,sakura,clean,2560,68.2,65.8,0.0,1.1,
af3,v3nat,sakura,mask_100,2560,0.0,2.1,0.0,2.1,
af3,v3nat,sakura,mask_40,2560,62.1,60.7,0.0,0.5,-36
af3,v3nat,sakura,mask_60,2560,57.8,57.2,0.0,0.5,-15
af3,v3nat,sakura,noise_-20dB,2560,0.0,0.2,0.0,0.2,
af3,v3nat,sakura,noise_0dB,2560,58.8,59.2,0.0,0.1,11
af3,v3nat,sakura,noise_10dB,2560,64.1,63.9,0.0,0.2,-6
af3,v3nat,sakura,text_inject,2560,8.2,6.2,0.0,0.1,-50
af3,v4nat,mmar,clean,637,57.8,57.0,0.0,0.0,
af3,v4nat,mmar,mask_100,637,0.0,0.2,0.0,0.2,
af3,v4nat,mmar,mask_40,637,52.7,54.0,0.0,0.0,8
af3,v4nat,mmar,mask_60,637,48.5,48.0,0.0,0.0,-3
af3,v4nat,mmar,noise_-20dB,637,0.0,0.0,0.0,0.0,
af3,v4nat,mmar,noise_0dB,637,51.8,51.8,0.0,0.0,0
af3,v4nat,mmar,noise_10dB,637,55.7,56.0,0.0,0.0,2
af3,v4nat,mmar,text_inject,637,13.0,10.7,0.0,0.0,-15
af3,v4nat,mmau,clean,640,75.5,77.0,0.0,0.0,
af3,v4nat,mmau,mask_100,640,0.0,0.0,0.0,0.0,
af3,v4nat,mmau,mask_40,640,73.6,74.7,0.0,0.0,7
af3,v4nat,mmau,mask_60,640,71.9,72.0,0.0,0.0,1
af3,v4nat,mmau,noise_-20dB,640,0.0,0.0,0.0,0.0,
af3,v4nat,mmau,noise_0dB,640,72.3,72.0,0.0,0.0,-2
af3,v4nat,mmau,noise_10dB,640,74.8,74.4,0.0,0.0,-3
af3,v4nat,mmau,text_inject,640,29.7,30.0,0.0,0.0,2
af3,v4nat,sakura,adv_wrong,2560,21.8,22.5,0.0,0.1,17
af3,v4nat,sakura,clean,2560,68.2,68.0,0.0,0.3,
af3,v4nat,sakura,mask_100,2560,0.0,0.0,0.0,0.0,
af3,v4nat,sakura,mask_40,2560,62.1,63.3,0.0,0.2,31
af3,v4nat,sakura,mask_60,2560,57.8,57.7,0.0,0.1,-3
af3,v4nat,sakura,noise_-20dB,2560,0.0,0.1,0.0,0.1,
af3,v4nat,sakura,noise_0dB,2560,58.8,60.6,0.0,0.1,48
af3,v4nat,sakura,noise_10dB,2560,64.1,66.0,0.0,0.1,48
af3,v4nat,sakura,text_inject,2560,8.2,7.3,0.0,0.2,-21
qwen2.5-omni,soft_L8_full,mmar,clean,637,54.2,62.3,14.4,0.3,
qwen2.5-omni,soft_L8_full,mmar,mask_100,637,64.2,100.0,64.2,100.0,
qwen2.5-omni,soft_L8_full,mmar,mask_40,637,43.5,54.9,22.4,0.0,73
qwen2.5-omni,soft_L8_full,mmar,mask_60,637,36.3,50.4,32.5,0.0,90
qwen2.5-omni,soft_L8_full,mmar,noise_-20dB,637,80.5,89.8,80.5,89.8,
qwen2.5-omni,soft_L8_full,mmar,noise_0dB,637,43.5,55.4,21.4,0.2,76
qwen2.5-omni,soft_L8_full,mmar,noise_10dB,637,49.0,57.8,17.9,0.0,56
qwen2.5-omni,soft_L8_full,mmar,text_inject,637,16.8,54.0,5.5,0.2,237
qwen2.5-omni,soft_L8_full,mmau,clean,640,73.4,73.3,3.0,0.0,
qwen2.5-omni,soft_L8_full,mmau,mask_100,640,26.7,100.0,26.7,100.0,
qwen2.5-omni,soft_L8_full,mmau,mask_40,640,67.7,67.0,5.0,0.0,-4
qwen2.5-omni,soft_L8_full,mmau,mask_60,640,63.6,64.2,7.0,0.0,4
qwen2.5-omni,soft_L8_full,mmau,noise_-20dB,640,40.6,91.7,40.6,91.7,
qwen2.5-omni,soft_L8_full,mmau,noise_0dB,640,65.5,65.3,4.8,0.5,-1
qwen2.5-omni,soft_L8_full,mmau,noise_10dB,640,70.2,69.1,3.1,0.0,-7
qwen2.5-omni,soft_L8_full,mmau,text_inject,640,31.1,66.9,1.9,0.2,229
qwen2.5-omni,soft_L8_full,sakura,adv_wrong,2560,29.5,68.2,1.7,0.0,991
qwen2.5-omni,soft_L8_full,sakura,clean,2560,65.9,75.1,16.2,0.0,
qwen2.5-omni,soft_L8_full,sakura,mask_100,2560,40.9,99.5,40.9,99.5,
qwen2.5-omni,soft_L8_full,sakura,mask_40,2560,60.9,70.3,16.1,0.0,241
qwen2.5-omni,soft_L8_full,sakura,mask_60,2560,56.8,66.7,16.8,0.3,254
qwen2.5-omni,soft_L8_full,sakura,noise_-20dB,2560,67.6,96.3,67.6,96.3,
qwen2.5-omni,soft_L8_full,sakura,noise_0dB,2560,56.2,65.9,18.0,0.2,247
qwen2.5-omni,soft_L8_full,sakura,noise_10dB,2560,61.2,71.2,19.5,0.0,255
qwen2.5-omni,soft_L8_full,sakura,text_inject,2560,27.4,73.2,8.9,0.0,1173
qwen2.5-omni,soft_ood,mmar,clean,637,54.2,62.3,14.4,0.3,
qwen2.5-omni,soft_ood,mmar,permute,637,51.8,60.9,14.6,0.2,58
qwen2.5-omni,soft_ood,mmar,reverb_1.0s,637,46.8,58.2,19.0,0.0,73
qwen2.5-omni,soft_ood,mmau,clean,640,73.4,73.3,3.0,0.0,
qwen2.5-omni,soft_ood,mmau,permute,640,74.8,73.0,3.0,0.0,-12
qwen2.5-omni,soft_ood,mmau,reverb_1.0s,640,68.1,67.3,3.8,0.0,-5
qwen2.5-omni,soft_ood_permute,sakura,clean,2560,65.9,75.1,16.2,0.0,
qwen2.5-omni,soft_ood_permute,sakura,permute,2560,66.1,73.9,15.4,0.0,200
qwen2.5-omni,soft_ood_reverb_1.0s,sakura,clean,2560,65.9,75.1,16.2,0.0,
qwen2.5-omni,soft_ood_reverb_1.0s,sakura,reverb_1.0s,2560,57.3,66.1,16.0,0.6,224
qwen2.5-omni,v3,mmar,clean,637,54.2,40.3,14.4,37.4,
qwen2.5-omni,v3,mmar,mask_100,637,64.2,88.2,64.2,88.2,
qwen2.5-omni,v3,mmar,mask_40,637,43.5,29.2,22.4,52.7,-91
qwen2.5-omni,v3,mmar,mask_60,637,36.3,21.2,32.5,64.7,-96
qwen2.5-omni,v3,mmar,noise_-20dB,637,80.5,92.6,80.5,92.6,
qwen2.5-omni,v3,mmar,noise_0dB,637,43.5,30.9,21.4,49.0,-80
qwen2.5-omni,v3,mmar,noise_10dB,637,49.0,36.4,17.9,44.0,-80
qwen2.5-omni,v3,mmar,text_inject,637,16.8,15.9,5.5,16.6,-6
qwen2.5-omni,v3,mmau,clean,640,73.4,68.4,3.0,17.0,
qwen2.5-omni,v3,mmau,mask_100,640,26.7,60.0,26.7,60.0,
qwen2.5-omni,v3,mmau,mask_40,640,67.7,56.9,5.0,27.2,-69
qwen2.5-omni,v3,mmau,mask_60,640,63.6,49.2,7.0,33.4,-92
qwen2.5-omni,v3,mmau,noise_-20dB,640,40.6,67.3,40.6,67.3,
qwen2.5-omni,v3,mmau,noise_0dB,640,65.5,58.4,4.8,22.7,-45
qwen2.5-omni,v3,mmau,noise_10dB,640,70.2,63.6,3.1,18.3,-42
qwen2.5-omni,v3,mmau,text_inject,640,31.1,29.1,1.9,11.7,-13
qwen2.5-omni,v3,sakura,adv_wrong,2560,29.5,26.6,1.7,5.9,-74
qwen2.5-omni,v3,sakura,clean,2560,65.9,59.3,16.2,27.9,
qwen2.5-omni,v3,sakura,mask_100,2560,40.9,77.3,40.9,77.3,
qwen2.5-omni,v3,sakura,mask_40,2560,60.9,52.7,16.1,32.9,-209
qwen2.5-omni,v3,sakura,mask_60,2560,56.8,47.9,16.8,36.9,-228
qwen2.5-omni,v3,sakura,noise_-20dB,2560,67.6,84.8,67.6,84.8,
qwen2.5-omni,v3,sakura,noise_0dB,2560,56.2,47.7,18.0,37.1,-220
qwen2.5-omni,v3,sakura,noise_10dB,2560,61.2,53.9,19.5,34.0,-187
qwen2.5-omni,v3,sakura,text_inject,2560,27.4,24.5,8.9,20.1,-74
qwen2.5-omni,v4,mmar,clean,637,54.2,43.3,14.4,33.4,
qwen2.5-omni,v4,mmar,mask_100,637,64.2,82.6,64.2,82.6,
qwen2.5-omni,v4,mmar,mask_40,637,43.5,32.8,22.4,46.6,-68
qwen2.5-omni,v4,mmar,mask_60,637,36.3,24.6,32.5,54.8,-74
qwen2.5-omni,v4,mmar,noise_-20dB,637,80.5,90.9,80.5,90.9,
qwen2.5-omni,v4,mmar,noise_0dB,637,43.5,33.1,21.4,45.8,-66
qwen2.5-omni,v4,mmar,noise_10dB,637,49.0,38.0,17.9,39.7,-70
qwen2.5-omni,v4,mmar,text_inject,637,16.8,10.2,5.5,11.8,-42
qwen2.5-omni,v4,mmau,clean,640,73.4,68.1,3.0,15.5,
qwen2.5-omni,v4,mmau,mask_100,640,26.7,52.2,26.7,52.2,
qwen2.5-omni,v4,mmau,mask_40,640,67.7,59.8,5.0,21.4,-50
qwen2.5-omni,v4,mmau,mask_60,640,63.6,53.4,7.0,26.4,-65
qwen2.5-omni,v4,mmau,noise_-20dB,640,40.6,61.1,40.6,61.1,
qwen2.5-omni,v4,mmau,noise_0dB,640,65.5,58.4,4.8,20.6,-45
qwen2.5-omni,v4,mmau,noise_10dB,640,70.2,62.2,3.1,17.7,-51
qwen2.5-omni,v4,mmau,text_inject,640,31.1,21.2,1.9,9.2,-63
qwen2.5-omni,v4,sakura,adv_wrong,2560,29.5,26.8,1.7,5.4,-69
qwen2.5-omni,v4,sakura,clean,2560,65.9,60.6,16.2,24.7,
qwen2.5-omni,v4,sakura,mask_100,2560,40.9,58.5,40.9,58.5,
qwen2.5-omni,v4,sakura,mask_40,2560,60.9,55.0,16.1,27.1,-150
qwen2.5-omni,v4,sakura,mask_60,2560,56.8,49.2,16.8,30.9,-193
qwen2.5-omni,v4,sakura,noise_-20dB,2560,67.6,79.9,67.6,79.9,
qwen2.5-omni,v4,sakura,noise_0dB,2560,56.2,48.9,18.0,32.5,-188
qwen2.5-omni,v4,sakura,noise_10dB,2560,61.2,55.2,19.5,30.7,-155
qwen2.5-omni,v4,sakura,text_inject,2560,27.4,17.2,8.9,14.3,-261
qwen3-omni,soft_L8_full,mmar,clean,637,62.0,69.5,13.0,0.0,
qwen3-omni,soft_L8_full,mmar,mask_100,637,82.7,100.0,82.7,100.0,
qwen3-omni,soft_L8_full,mmar,mask_40,637,50.4,62.3,25.9,0.0,76
qwen3-omni,soft_L8_full,mmar,mask_60,637,39.2,57.5,40.5,0.0,116
qwen3-omni,soft_L8_full,mmar,noise_-20dB,637,90.7,94.3,90.7,94.3,
qwen3-omni,soft_L8_full,mmar,noise_0dB,637,45.2,64.4,30.8,0.0,122
qwen3-omni,soft_L8_full,mmar,noise_10dB,637,55.3,67.8,19.5,0.0,80
qwen3-omni,soft_L8_full,mmar,text_inject,637,29.2,66.1,4.9,0.0,235
qwen3-omni,soft_L8_full,mmau,clean,640,74.8,76.7,7.2,0.0,
qwen3-omni,soft_L8_full,mmau,mask_100,640,60.9,100.0,60.9,100.0,
qwen3-omni,soft_L8_full,mmau,mask_40,640,68.0,73.1,12.0,0.0,33
qwen3-omni,soft_L8_full,mmau,mask_60,640,59.7,71.4,20.2,0.0,75
qwen3-omni,soft_L8_full,mmau,noise_-20dB,640,72.3,91.9,72.3,91.9,
qwen3-omni,soft_L8_full,mmau,noise_0dB,640,63.9,73.4,14.7,0.3,61
qwen3-omni,soft_L8_full,mmau,noise_10dB,640,70.5,75.9,9.2,0.0,35
qwen3-omni,soft_L8_full,mmau,text_inject,640,40.6,76.9,6.6,0.0,232
qwen3-omni,soft_L8_full,sakura,adv_wrong,2560,40.0,73.6,0.6,0.0,861
qwen3-omni,soft_L8_full,sakura,clean,2560,73.0,79.3,10.3,0.0,
qwen3-omni,soft_L8_full,sakura,mask_100,2560,74.0,99.9,74.0,99.9,
qwen3-omni,soft_L8_full,sakura,mask_40,2560,66.4,76.2,18.4,0.1,251
qwen3-omni,soft_L8_full,sakura,mask_60,2560,60.2,71.8,22.7,0.2,296
qwen3-omni,soft_L8_full,sakura,noise_-20dB,2560,88.3,96.7,88.3,96.7,
qwen3-omni,soft_L8_full,sakura,noise_0dB,2560,65.9,76.6,17.1,0.0,274
qwen3-omni,soft_L8_full,sakura,noise_10dB,2560,71.9,79.7,11.4,0.0,200
qwen3-omni,soft_L8_full,sakura,text_inject,2560,36.8,80.2,3.9,0.0,1109
qwen3-omni,v3,mmar,clean,637,62.0,61.7,13.0,15.5,
qwen3-omni,v3,mmar,mask_100,637,82.7,92.2,82.7,92.2,
qwen3-omni,v3,mmar,mask_40,637,50.4,45.4,25.9,32.3,-32
qwen3-omni,v3,mmar,mask_60,637,39.2,34.9,40.5,46.9,-28
qwen3-omni,v3,mmar,noise_-20dB,637,90.7,91.5,90.7,91.5,
qwen3-omni,v3,mmar,noise_0dB,637,45.2,42.9,30.8,33.0,-15
qwen3-omni,v3,mmar,noise_10dB,637,55.3,54.9,19.5,21.2,-2
qwen3-omni,v3,mmar,text_inject,637,29.2,29.2,4.9,6.0,0
qwen3-omni,v3,mmau,clean,640,74.8,74.2,7.2,8.9,
qwen3-omni,v3,mmau,mask_100,640,60.9,76.4,60.9,76.4,
qwen3-omni,v3,mmau,mask_40,640,68.0,65.9,12.0,15.9,-13
qwen3-omni,v3,mmau,mask_60,640,59.7,56.6,20.2,24.8,-20
qwen3-omni,v3,mmau,noise_-20dB,640,72.3,70.5,72.3,70.5,
qwen3-omni,v3,mmau,noise_0dB,640,63.9,64.2,14.7,13.9,2
qwen3-omni,v3,mmau,noise_10dB,640,70.5,69.5,9.2,11.6,-6
qwen3-omni,v3,mmau,text_inject,640,40.6,41.2,6.6,7.2,4
qwen3-omni,v3,sakura,adv_wrong,2560,40.0,37.5,0.6,0.4,-65
qwen3-omni,v3,sakura,clean,2560,73.0,70.9,10.3,12.1,
qwen3-omni,v3,sakura,mask_100,2560,74.0,85.2,74.0,85.2,
qwen3-omni,v3,sakura,mask_40,2560,66.4,61.9,18.4,24.1,-115
qwen3-omni,v3,sakura,mask_60,2560,60.2,55.0,22.7,30.6,-133
qwen3-omni,v3,sakura,noise_-20dB,2560,88.3,89.3,88.3,89.3,
qwen3-omni,v3,sakura,noise_0dB,2560,65.9,63.4,17.1,20.7,-65
qwen3-omni,v3,sakura,noise_10dB,2560,71.9,69.9,11.4,13.9,-50
qwen3-omni,v3,sakura,text_inject,2560,36.8,35.8,3.9,3.5,-26
qwen3-omni,v4,mmar,clean,637,62.0,61.5,13.0,13.5,
qwen3-omni,v4,mmar,mask_100,637,82.7,82.9,82.7,82.9,
qwen3-omni,v4,mmar,mask_40,637,50.4,49.0,25.9,24.8,-9
qwen3-omni,v4,mmar,mask_60,637,39.2,37.4,40.5,40.8,-12
qwen3-omni,v4,mmar,noise_-20dB,637,90.7,91.7,90.7,91.7,
qwen3-omni,v4,mmar,noise_0dB,637,45.2,44.4,30.8,30.3,-5
qwen3-omni,v4,mmar,noise_10dB,637,55.3,55.3,19.5,18.8,0
qwen3-omni,v4,mmar,text_inject,637,29.2,32.2,4.9,6.3,19
qwen3-omni,v4,mmau,clean,640,74.8,74.1,7.2,7.5,
qwen3-omni,v4,mmau,mask_100,640,60.9,59.8,60.9,59.8,
qwen3-omni,v4,mmau,mask_40,640,68.0,65.0,12.0,13.3,-19
qwen3-omni,v4,mmau,mask_60,640,59.7,58.4,20.2,20.5,-8
qwen3-omni,v4,mmau,noise_-20dB,640,72.3,71.9,72.3,71.9,
qwen3-omni,v4,mmau,noise_0dB,640,63.9,62.0,14.7,16.1,-12
qwen3-omni,v4,mmau,noise_10dB,640,70.5,69.1,9.2,9.5,-9
qwen3-omni,v4,mmau,text_inject,640,40.6,40.3,6.6,5.6,-2
qwen3-omni,v4,sakura,adv_wrong,2560,40.0,38.4,0.6,0.9,-40
qwen3-omni,v4,sakura,clean,2560,73.0,69.2,10.3,14.6,
qwen3-omni,v4,sakura,mask_100,2560,74.0,73.2,74.0,73.2,
qwen3-omni,v4,sakura,mask_40,2560,66.4,63.0,18.4,22.4,-87
qwen3-omni,v4,sakura,mask_60,2560,60.2,56.9,22.7,27.0,-85
qwen3-omni,v4,sakura,noise_-20dB,2560,88.3,88.4,88.3,88.4,
qwen3-omni,v4,sakura,noise_0dB,2560,65.9,62.9,17.1,21.9,-76
qwen3-omni,v4,sakura,noise_10dB,2560,71.9,68.6,11.4,16.5,-84
qwen3-omni,v4,sakura,text_inject,2560,36.8,35.0,3.9,5.8,-47
